-- phpMyAdmin SQL Dump
-- version 4.7.4
-- https://www.phpmyadmin.net/
--
-- Host: 127.0.0.1:3306
-- Generation Time: Mar 19, 2019 at 04:34 PM
-- Server version: 5.7.19
-- PHP Version: 7.1.9

SET SQL_MODE = "NO_AUTO_VALUE_ON_ZERO";
SET AUTOCOMMIT = 0;
START TRANSACTION;
SET time_zone = "+00:00";


/*!40101 SET @OLD_CHARACTER_SET_CLIENT=@@CHARACTER_SET_CLIENT */;
/*!40101 SET @OLD_CHARACTER_SET_RESULTS=@@CHARACTER_SET_RESULTS */;
/*!40101 SET @OLD_COLLATION_CONNECTION=@@COLLATION_CONNECTION */;
/*!40101 SET NAMES utf8mb4 */;

--
-- Database: `wastecollection`
--

-- --------------------------------------------------------

--
-- Table structure for table `location`
--

DROP TABLE IF EXISTS `location`;
CREATE TABLE IF NOT EXISTS `location` (
  `id` int(10) UNSIGNED NOT NULL AUTO_INCREMENT,
  `name_street` varchar(100) DEFAULT NULL,
  `type_street` varchar(45) DEFAULT NULL,
  `house_nos` varchar(45) DEFAULT NULL,
  `min_house_no` varchar(45) DEFAULT NULL,
  `max_house_no` varchar(45) DEFAULT NULL,
  PRIMARY KEY (`id`),
  UNIQUE KEY `id_UNIQUE` (`id`)
) ENGINE=InnoDB AUTO_INCREMENT=287 DEFAULT CHARSET=utf8;

--
-- Dumping data for table `location`
--

INSERT INTO `location` (`id`, `name_street`, `type_street`, `house_nos`, `min_house_no`, `max_house_no`) VALUES
(1, 'Abreuvoir', 'rue de l’', NULL, NULL, NULL),
(2, 'Acacias', 'rue des', NULL, NULL, NULL),
(3, 'Aimé Ferré', 'avenue', NULL, NULL, NULL),
(4, 'Alfred Carteron', 'avenue', NULL, NULL, NULL),
(5, 'Alouettes', 'allée des', NULL, NULL, NULL),
(6, 'Amblainvilliers', 'rue d’', 'du n° 1 à 5', '1', '5'),
(7, 'Amblainvilliers', 'rue d’', 'du n° 2 à 18', '2', '18'),
(8, 'Amblainvilliers', 'rue d’', 'du n° 7 à 111', '7', '111'),
(9, 'Amblainvilliers', 'rue d’', 'du n° 20 à 110', '20', '110'),
(10, 'Ancienne poste', 'rue de l’', NULL, NULL, NULL),
(11, 'Antes', 'chemin des', NULL, NULL, NULL),
(12, 'Antony', 'rue d’', 'du n° 1 à 7 (côté impair)', '1', '7'),
(13, 'Antony', 'rue d’', 'du n° 2 au 14 (côté pair)', '2', '14'),
(14, 'Antony', 'rue d’', 'du n° 9 au 13 (côté impair)', '9', '13'),
(15, 'Antony', 'rue d’', 'du n° 16 au 26 (côté pair)', '16', '26'),
(16, 'Arboretum', 'allée de l’', NULL, NULL, NULL),
(17, 'Arcachon', 'allée d’', NULL, NULL, NULL),
(18, 'Aristide Briand', 'rue', NULL, NULL, NULL),
(19, 'Arjuzon', 'parc d’', NULL, NULL, NULL),
(20, 'Aubépines', 'allée des', NULL, NULL, NULL),
(21, 'Aulnaies', 'résidence les', NULL, NULL, NULL),
(22, 'Aulne', 'voie de l’', NULL, NULL, NULL),
(23, 'BaiIli', 'sente du', NULL, NULL, NULL),
(24, 'Bas-pays', 'impasse du', NULL, NULL, NULL),
(25, 'Bas-pays', 'rue du', NULL, NULL, NULL),
(26, 'Bas-Vaupéreux', 'allée du', NULL, NULL, NULL),
(27, 'Bégonias', 'square des', NULL, NULL, NULL),
(28, 'Bel-air', 'allée du', NULL, NULL, NULL),
(29, 'Belle-feuille', 'allée de la', NULL, NULL, NULL),
(30, 'Belvédère', 'allée du', NULL, NULL, NULL),
(31, 'Benoist', 'résidence', NULL, NULL, NULL),
(32, 'Bief', 'chemin sur le', NULL, NULL, NULL),
(33, 'Bièvres', 'route de', NULL, NULL, NULL),
(34, 'Bir-Hakeim', 'rue de', NULL, NULL, NULL),
(35, 'Blin', 'rue', NULL, NULL, NULL),
(36, 'Bois', 'allée sous les', NULL, NULL, NULL),
(37, 'Bois', 'chemin des', NULL, NULL, NULL),
(38, 'Bois', 'voie du', NULL, NULL, NULL),
(39, 'Bois de Verrières', 'rue du', NULL, NULL, NULL),
(40, 'Bois-Benoist', 'allée du', NULL, NULL, NULL),
(41, 'Bordure des bois', 'chemin de la', NULL, NULL, NULL),
(42, 'Bouleaux', 'allée des', NULL, NULL, NULL),
(43, 'Boulie', 'rue de la', NULL, NULL, NULL),
(44, 'Bouquet', 'rue du', NULL, NULL, NULL),
(45, 'Bouviers', 'allée des', NULL, NULL, NULL),
(46, 'Bouvreuils', 'allée des', NULL, NULL, NULL),
(47, 'Branjeards', 'allée des', NULL, NULL, NULL),
(48, 'Briolettes', 'allée des', NULL, NULL, NULL),
(49, 'Briolettes', 'sentier des', NULL, NULL, NULL),
(50, 'Bua', 'route de', NULL, NULL, NULL),
(51, 'Buisson', 'allée du', NULL, NULL, NULL),
(52, 'Cambacérès', 'avenue', NULL, NULL, NULL),
(53, 'Carnot', 'avenue', NULL, NULL, NULL),
(54, 'Carreaux', 'allée des', NULL, NULL, NULL),
(55, 'Catherine', 'allée', NULL, NULL, NULL),
(56, 'Cèdres', 'square des', NULL, NULL, NULL),
(57, 'Champs-de-Mars', 'allée du', NULL, NULL, NULL),
(58, 'Charbonniers', 'rue des', NULL, NULL, NULL),
(59, 'Charles de Gaulle', 'place', NULL, NULL, NULL),
(60, 'Charmes', 'allée des', NULL, NULL, NULL),
(61, 'Chartres', 'allée de', NULL, NULL, NULL),
(62, 'Chataigniers', 'rue des', NULL, NULL, NULL),
(63, 'Château', 'rue du', NULL, NULL, NULL),
(64, 'Château Landon', 'allée', NULL, NULL, NULL),
(65, 'Chateaubourg', 'rue de', NULL, NULL, NULL),
(66, 'Châtenay', 'voie de', NULL, NULL, NULL),
(67, 'Chaudière', 'rue de la', NULL, NULL, NULL),
(68, 'Chêne au coucou', 'allée du', NULL, NULL, NULL),
(69, 'Chevreuils', 'sente des', NULL, NULL, NULL),
(70, 'Clairbourg', 'allée du', NULL, NULL, NULL),
(71, 'Clef des Champs', 'allée de la', NULL, NULL, NULL),
(72, 'Clos à Compan', 'allée du', NULL, NULL, NULL),
(73, 'Clos de Verrières', 'résidence Le', NULL, NULL, NULL),
(74, 'Cocher', 'allée du', NULL, NULL, NULL),
(75, 'Coeurs', 'chemin des', NULL, NULL, NULL),
(76, 'Colombier', 'impasse du', NULL, NULL, NULL),
(77, 'Coquelicots', 'impasse des', NULL, NULL, NULL),
(78, 'Coteaux', 'rue des', NULL, NULL, NULL),
(79, 'Coudrier', 'sente du', NULL, NULL, NULL),
(80, 'Couronnelle', 'chemin de la', NULL, NULL, NULL),
(81, 'Cressonnière', 'impasse de la', NULL, NULL, NULL),
(82, 'Crèvecoeur', 'chemin de', NULL, NULL, NULL),
(83, 'Croix-aux-femmes', 'carrefour', NULL, NULL, NULL),
(84, 'Croix-bellavoine', 'carrefour', NULL, NULL, NULL),
(85, 'Croix-pasquier', 'avenue de la', NULL, NULL, NULL),
(86, 'Croix-pasquier', 'résidence', NULL, NULL, NULL),
(87, 'Daniel Wildenstein', 'place', NULL, NULL, NULL),
(88, 'Dauphine', 'allée', NULL, NULL, NULL),
(89, 'Docteur Roux', 'avenue du', NULL, NULL, NULL),
(90, 'Écrivains', 'square des', NULL, NULL, NULL),
(91, 'Édouard Branly', 'rue', NULL, NULL, NULL),
(92, 'Église', 'place de l’', NULL, NULL, NULL),
(93, 'Église', 'rue de l’', NULL, NULL, NULL),
(94, 'Église', 'ruelle de l’', NULL, NULL, NULL),
(95, 'Érables', 'square des', NULL, NULL, NULL),
(96, 'Estiennes d’Orves', 'rue d’', 'du n° 1 à 21 (côté impair)', '1', '21'),
(97, 'Estiennes d’Orves', 'rue d’', 'du n° 23 à 63 (côté impair)', '23', '63'),
(98, 'Estiennes d’Orves', 'rue d’', 'du n° 65 à 81 (côté impair)', '65', '81'),
(99, 'Estiennes d’Orves', 'rue d’', 'du n° 83 à 157 (côté impair)', '83', '157'),
(100, 'Estiennes d’Orves', 'rue d’', 'du n° 2 à 36 (côté pair)', '2', '36'),
(101, 'Estiennes d’Orves', 'rue d’', 'du n° 38 à 82 (côté pair)', '38', '82'),
(102, 'Estiennes d’Orves', 'rue d’', 'du n° 84 à 108 (côté pair)', '84', '108'),
(103, 'Estiennes d’Orves', 'rue d’', 'du n° 110 à 206 (côté pair)', '110', '206'),
(104, 'Europe', 'place de l’', NULL, NULL, NULL),
(105, 'Fabre', 'rue', 'du n° 1 à 5 (côté impair)', '1', '5'),
(106, 'Fabre', 'rue', 'du n° 2 à 18 (côté pair)', '2', '18'),
(107, 'Fabre', 'rue', 'du n° 7 à 37 (côté impair)', '7', '37'),
(108, 'Fabre', 'rue', 'du n° 20 à 34 (côté pair)', '20', '34'),
(109, 'Ferme', 'allée de la', NULL, NULL, NULL),
(110, 'Foch', 'boulevard du maréchal', 'du n° 1 à 21 (côté impair)', '1', '21'),
(111, 'Foch', 'boulevard du maréchal', 'du n° 2 à 22 (côté pair)', '2', '22'),
(112, 'Foch', 'boulevard du maréchal', 'du n° 23 à 31 (côté impair)', '23', '31'),
(113, 'Foch', 'boulevard du maréchal', 'du n° 24 à 36 (côté pair)', '24', '36'),
(114, 'Foch', 'boulevard du maréchal', 'du n° 33 à 57 (côté impair)', '33', '57'),
(115, 'Foch', 'boulevard du maréchal', 'du n° 38 à 58 (côté pair)', '38', '58'),
(116, 'Foch', 'boulevard du maréchal', 'du n° 60 à 62 (côté pair)', '60', '62'),
(117, 'Fonds de Paris', 'chemin des', NULL, NULL, NULL),
(118, 'Forêt', 'allée de la', NULL, NULL, NULL),
(119, 'Fougères', 'allée des', NULL, NULL, NULL),
(120, 'Fraisiers', 'allée des', NULL, NULL, NULL),
(121, 'Frondaisons', 'allée des', NULL, NULL, NULL),
(122, 'Fusains', 'allée des', NULL, NULL, NULL),
(123, 'Gabriel Péri', 'avenue', NULL, NULL, NULL),
(124, 'Général Gallieni', 'rue du', NULL, NULL, NULL),
(125, 'Garde messier', 'allée du', NULL, NULL, NULL),
(126, 'Gardes', 'rue des', NULL, NULL, NULL),
(127, 'Garenne', 'allée de la', NULL, NULL, NULL),
(128, 'Gâtines', 'route des', NULL, NULL, NULL),
(129, 'Gâtines', 'sentier des', NULL, NULL, NULL),
(130, 'Général Leclerc', 'avenue du', 'du n° 1 à 27 (côté impair)', '1', '27'),
(131, 'Général Leclerc', 'avenue du', 'du n° 2 à 8 (côté pair)', '2', '8'),
(132, 'Général Leclerc', 'avenue du', 'du n° 29 à 53 (côté impair)', '29', '53'),
(133, 'Général Leclerc', 'avenue du', 'du n° 10 à 32 (côté pair)', '10', '32'),
(134, 'Georges Pompidou', 'avenue', NULL, NULL, NULL),
(135, 'Gerbe', 'impasse de la', NULL, NULL, NULL),
(136, 'Graineterie', 'allée de la', NULL, NULL, NULL),
(137, 'Grais', 'résidence de', NULL, NULL, NULL),
(138, 'Grand clos', 'allée du', NULL, NULL, NULL),
(139, 'Grand noyer', 'allée du', NULL, NULL, NULL),
(140, 'Grands chênes', 'carrefour des', NULL, NULL, NULL),
(141, 'Grands chênes', 'rue des', NULL, NULL, NULL),
(142, 'Grange', 'allée de la', NULL, NULL, NULL),
(143, 'Gravelle', 'chemin de la', NULL, NULL, NULL),
(144, 'Gravelle', 'rue de la', NULL, NULL, NULL),
(145, 'Grenier à neige', 'rue du', NULL, NULL, NULL),
(146, 'Grillons', 'rue des', NULL, NULL, NULL),
(147, 'Gros chênes', 'résidence les', NULL, NULL, NULL),
(148, 'Guenettes', 'sentier des', NULL, NULL, NULL),
(149, 'Hautes justices', 'sente des', NULL, NULL, NULL),
(150, 'Hauts graviers', 'chemin des', NULL, NULL, NULL),
(151, 'Henri Bourrelier', 'rue', NULL, NULL, NULL),
(152, 'Henri Grellou', 'rue', NULL, NULL, NULL),
(153, 'Henri et Louis de Vilmorin', 'avenue', NULL, NULL, NULL),
(154, 'Hêtraie', 'allée de la', NULL, NULL, NULL),
(155, 'Hêtre pourpre', 'allée du', NULL, NULL, NULL),
(156, 'Jardiniers', 'allée des', NULL, NULL, NULL),
(157, 'Jean Jaurès', 'rue', 'du n° 1 à 19 (côté impair)', '1', '19'),
(158, 'Jean Jaurès', 'rue', 'du n° 2 à 14 (côté pair)', '2', '14'),
(159, 'Jean Jaurès', 'rue', 'du n° 21 à 63 (côté impair)', '21', '63'),
(160, 'Jean Jaurès', 'rue', 'du n° 16 à 44 (côté pair)', '16', '44'),
(161, 'Jean Moulin', 'allée', NULL, NULL, NULL),
(162, 'Jean-Baptiste Clément', 'rue', NULL, NULL, NULL),
(163, 'Joseph Groussin', 'rue', NULL, NULL, NULL),
(164, 'Juin', 'boulevard du Maréchal', NULL, NULL, NULL),
(165, 'Jules Chopin', 'rue', NULL, NULL, NULL),
(166, 'Justices', 'chemin des', NULL, NULL, NULL),
(167, 'Justices', 'parc des', NULL, NULL, NULL),
(168, 'Lauriers', 'allée des', NULL, NULL, NULL),
(169, 'Lavoir', 'rue du', NULL, NULL, NULL),
(170, 'Léon Maugé', 'avenue', NULL, NULL, NULL),
(171, 'Lilas', 'allée des', NULL, NULL, NULL),
(172, 'Lintard', 'allée des', NULL, NULL, NULL),
(173, 'Louis Benoist', 'avenue', NULL, NULL, NULL),
(174, 'Madeleine', 'allée', NULL, NULL, NULL),
(175, 'Maraîchers', 'allée des', NULL, NULL, NULL),
(176, 'Marcel Giraud', 'rue', NULL, NULL, NULL),
(177, 'Marinière', 'chemin de la', NULL, NULL, NULL),
(178, 'Marinière', 'petit chemin de la', NULL, NULL, NULL),
(179, 'Marius Hue', 'rue', NULL, NULL, NULL),
(180, 'Marne', 'rue de la', NULL, NULL, NULL),
(181, 'Marronniers', 'allée des', NULL, NULL, NULL),
(182, 'Mauperthuis', 'ruelle de', NULL, NULL, NULL),
(183, 'Maurice Berteaux', 'rue', NULL, NULL, NULL),
(184, 'Maurouard', 'rue', NULL, NULL, NULL),
(185, 'Mère Rochette', 'sentier de la', NULL, NULL, NULL),
(186, 'Merle Moqueur', 'allée du', NULL, NULL, NULL),
(187, 'Mésanges', 'allée des', NULL, NULL, NULL),
(188, 'Meuniers', 'allée des', NULL, NULL, NULL),
(189, 'Mictons', 'rue des', NULL, NULL, NULL),
(190, 'Migneaux', 'rue de', NULL, NULL, NULL),
(191, 'Molière', 'rue', NULL, NULL, NULL),
(192, 'Montauzin', 'allée', NULL, NULL, NULL),
(193, 'Moulin', 'allée sous le', NULL, NULL, NULL),
(194, 'Moulin de Grais', 'rue du', NULL, NULL, NULL),
(195, 'Moulin de Migneaux', 'allée du', NULL, NULL, NULL),
(196, 'Muriers', 'allée des', NULL, NULL, NULL),
(197, 'Muses', 'square des', NULL, NULL, NULL),
(198, 'Neuf', 'chemin', NULL, NULL, NULL),
(199, 'Neuvaine', 'sente de la', NULL, NULL, NULL),
(200, 'Noisette', 'impasse de la', NULL, NULL, NULL),
(201, 'Pâquerettes', 'square des', NULL, NULL, NULL),
(202, 'Paradis', 'rue de', NULL, NULL, NULL),
(203, 'Parc', 'allée du', NULL, NULL, NULL),
(204, 'Paris', 'rue de', NULL, NULL, NULL),
(205, 'Paron', 'chemin de', NULL, NULL, NULL),
(206, 'Paron', 'sentier de', NULL, NULL, NULL),
(207, 'Paron', 'rue de', NULL, NULL, NULL),
(208, 'Paron', 'place de', NULL, NULL, NULL),
(209, 'Pasteur', 'rue', NULL, NULL, NULL),
(210, 'Paul Doumer', 'rue', NULL, NULL, NULL),
(211, 'Paulownias', 'square des', NULL, NULL, NULL),
(212, 'Perthuis', 'rue de', NULL, NULL, NULL),
(213, 'Petits champs', 'allée des', NULL, NULL, NULL),
(214, 'Petits ruisseaux', 'rue des', NULL, NULL, NULL),
(215, 'Peupliers', 'allée des', NULL, NULL, NULL),
(216, 'Pièce', 'sentier de la', NULL, NULL, NULL),
(217, 'Pierre Brossolette', 'rue', NULL, NULL, NULL),
(218, 'Pierre Curie', 'rue', NULL, NULL, NULL),
(219, 'Pierres-beurres', 'rues des', NULL, NULL, NULL),
(220, 'Pierres-beurres', 'place des', NULL, NULL, NULL),
(221, 'Pigeonnier', 'allée du', NULL, NULL, NULL),
(222, 'Poètes', 'square des', NULL, NULL, NULL),
(223, 'Pointe à Picquot', 'chemin de la', NULL, NULL, NULL),
(224, 'Pont de pierre', 'rue du', NULL, NULL, NULL),
(225, 'Pont Monseigneur', 'chemin du', NULL, NULL, NULL),
(226, 'Porche', 'passage du', NULL, NULL, NULL),
(227, 'Porcherets', 'rue des', NULL, NULL, NULL),
(228, 'Porcherets', 'sentier de', NULL, NULL, NULL),
(229, 'Portraits', 'allée des', NULL, NULL, NULL),
(230, 'Poulinat', 'place du', NULL, NULL, NULL),
(231, 'Préharts', 'chemin des', NULL, NULL, NULL),
(232, 'Préharts', 'rue des', NULL, NULL, NULL),
(233, 'Prés aux vins', 'rue des', NULL, NULL, NULL),
(234, 'Prés bouchards', 'rue des', NULL, NULL, NULL),
(235, 'Prés bouchards', 'place des', NULL, NULL, NULL),
(236, 'Prés-hauts', 'allée des', NULL, NULL, NULL),
(237, 'Prés-hauts', 'impasse des', NULL, NULL, NULL),
(238, 'Prés-hauts', 'place des', NULL, NULL, NULL),
(239, 'Pressoir', 'allée du', NULL, NULL, NULL),
(240, 'Primevères', 'allée des', NULL, NULL, NULL),
(241, 'Princes', 'avenue des', NULL, NULL, NULL),
(242, 'Rabelais', 'rue', NULL, NULL, NULL),
(243, 'Redonnière', 'allée de la', NULL, NULL, NULL),
(244, 'Renards', 'allée des', NULL, NULL, NULL),
(245, 'République', 'avenue de la', NULL, NULL, NULL),
(246, 'Rimbaud', 'rue', NULL, NULL, NULL),
(247, 'Roseraie', 'impasse de la', NULL, NULL, NULL),
(248, 'Roses', 'square des', NULL, NULL, NULL),
(249, 'Sablonnière', 'chemin de la', NULL, NULL, NULL),
(250, 'Sainte-Marguerite', 'ruelle', NULL, NULL, NULL),
(251, 'Saint-Fiacre', 'allée', NULL, NULL, NULL),
(252, 'Salvador Allende', 'rue', NULL, NULL, NULL),
(253, 'Salvart', 'chemin du', NULL, NULL, NULL),
(254, 'Sapins', 'allée des', NULL, NULL, NULL),
(255, 'Saules', 'allée des', NULL, NULL, NULL),
(256, 'Sequoia', 'allée du', NULL, NULL, NULL),
(257, 'Seringats', 'allée des', NULL, NULL, NULL),
(258, 'Serre', 'impasse de la', NULL, NULL, NULL),
(259, 'Sittelles', 'allée des', NULL, NULL, NULL),
(260, 'Sollière', 'chemin de la', NULL, NULL, NULL),
(261, 'Swanley', 'promenade de', NULL, NULL, NULL),
(262, 'Tamaris', 'allée des', NULL, NULL, NULL),
(263, 'Tilleuls', 'allée des', NULL, NULL, NULL),
(264, 'Tournelle', 'allée de la', NULL, NULL, NULL),
(265, 'Tournelle', 'cité de la', NULL, NULL, NULL),
(266, 'Trésor', 'rue du', NULL, NULL, NULL),
(267, 'Tuileries', 'allée des', NULL, NULL, NULL),
(268, 'Tulipes', 'square des', NULL, NULL, NULL),
(269, 'Vallée de la Bièvre', 'voie de la', NULL, NULL, NULL),
(270, 'Vallée à la Dame', 'chemin de la', NULL, NULL, NULL),
(271, 'Vallon', 'rue du', NULL, NULL, NULL),
(272, 'Vaudonnière', 'allée de la', NULL, NULL, NULL),
(273, 'Vaugeois', 'place', NULL, NULL, NULL),
(274, 'Vaupépins', 'allée des', NULL, NULL, NULL),
(275, 'Vaux-chèvres', 'chemin des', NULL, NULL, NULL),
(276, 'Vaux-mourants', 'chemin des', NULL, NULL, NULL),
(277, 'Verdun', 'rue de', NULL, NULL, NULL),
(278, 'Vergers', 'résidence Les', NULL, NULL, NULL),
(279, 'Vergers', 'rue des', NULL, NULL, NULL),
(280, 'Victor Hugo', 'rue', NULL, NULL, NULL),
(281, 'Vieux-noyer', 'venelle du', NULL, NULL, NULL),
(282, 'Vignes', 'impasse des', NULL, NULL, NULL),
(283, 'Vilgénis', 'allée de', NULL, NULL, NULL),
(284, 'Village', 'passage du', NULL, NULL, NULL),
(285, 'Villaine', 'rue de', NULL, NULL, NULL),
(286, 'Viorme', 'allée de la', NULL, NULL, NULL);

-- --------------------------------------------------------

--
-- Table structure for table `location__waste_type`
--

DROP TABLE IF EXISTS `location__waste_type`;
CREATE TABLE IF NOT EXISTS `location__waste_type` (
  `location_id` int(11) NOT NULL,
  `waste_type_id` int(11) NOT NULL,
  `sector_id` int(11) DEFAULT NULL,
  `week_pattern_id` int(11) DEFAULT NULL,
  PRIMARY KEY (`waste_type_id`,`location_id`),
  KEY `idx_location_id` (`location_id`),
  KEY `fk_location__waste_type_sector__waste_col_date1_idx` (`sector_id`),
  KEY `fk_location__waste_type_week_pattern1_idx` (`week_pattern_id`)
) ENGINE=MyISAM DEFAULT CHARSET=utf8;

--
-- Dumping data for table `location__waste_type`
--

INSERT INTO `location__waste_type` (`location_id`, `waste_type_id`, `sector_id`, `week_pattern_id`) VALUES
(1, 1, 1, 1),
(1, 2, 1, 2),
(1, 3, 1, NULL),
(1, 4, 6, NULL),
(1, 5, 7, NULL),
(2, 1, 2, 3),
(2, 2, 2, 2),
(2, 3, 2, NULL),
(2, 4, 5, NULL),
(2, 5, 7, NULL),
(3, 1, 1, 1),
(3, 2, 1, 2),
(3, 3, 1, NULL),
(3, 4, 6, NULL),
(3, 5, 7, NULL),
(4, 1, 2, 3),
(4, 2, 2, 2),
(4, 3, 2, NULL),
(4, 4, 5, NULL),
(4, 5, 7, NULL),
(5, 1, 1, 1),
(5, 2, 1, 2),
(5, 3, 1, NULL),
(5, 4, 6, NULL),
(5, 5, 7, NULL),
(6, 1, 2, 3),
(6, 2, 2, 2),
(6, 3, 2, NULL),
(6, 4, 5, NULL),
(6, 5, 7, NULL),
(7, 1, 2, 3),
(7, 2, 2, 2),
(7, 3, 2, NULL),
(7, 4, 5, NULL),
(7, 5, 7, NULL),
(8, 1, 4, 4),
(8, 2, 4, 5),
(8, 3, 4, NULL),
(8, 4, 5, NULL),
(8, 5, 7, NULL),
(9, 1, 4, 4),
(9, 2, 4, 5),
(9, 3, 4, NULL),
(9, 4, 5, NULL),
(9, 5, 7, NULL),
(10, 1, 3, 6),
(10, 2, 3, 2),
(10, 3, 3, NULL),
(10, 4, 5, NULL),
(10, 5, 7, NULL),
(11, 1, 2, 3),
(11, 2, 2, 2),
(11, 3, 2, NULL),
(11, 4, 5, NULL),
(11, 5, 7, NULL),
(12, 1, 3, 6),
(12, 2, 3, 2),
(12, 3, 3, NULL),
(12, 4, 5, NULL),
(12, 5, 7, NULL),
(13, 1, 3, 6),
(13, 2, 3, 2),
(13, 3, 3, NULL),
(13, 4, 5, NULL),
(13, 5, 7, NULL),
(14, 1, 2, 3),
(14, 2, 2, 2),
(14, 3, 2, NULL),
(14, 4, 5, NULL),
(14, 5, 7, NULL),
(15, 1, 2, 3),
(15, 2, 2, 2),
(15, 3, 2, NULL),
(15, 4, 5, NULL),
(15, 5, 7, NULL),
(16, 1, 2, 3),
(16, 2, 2, 2),
(16, 3, 2, NULL),
(16, 4, 5, NULL),
(16, 5, 7, NULL),
(17, 1, 4, 4),
(17, 2, 4, 5),
(17, 3, 4, NULL),
(17, 4, 6, NULL),
(17, 5, 7, NULL),
(18, 1, 4, 4),
(18, 2, 4, 5),
(18, 3, 4, NULL),
(18, 4, 5, NULL),
(18, 5, 7, NULL),
(19, 1, 2, 3),
(19, 2, 2, 2),
(19, 3, 2, NULL),
(19, 4, 5, NULL),
(19, 5, 7, NULL),
(20, 1, 1, 1),
(20, 2, 1, 2),
(20, 3, 1, NULL),
(20, 4, 6, NULL),
(20, 5, 7, NULL),
(21, 1, 2, 3),
(21, 2, 2, 2),
(21, 3, 2, NULL),
(21, 4, 5, NULL),
(21, 5, 7, NULL),
(22, 1, 2, 3),
(22, 2, 2, 2),
(22, 3, 2, NULL),
(22, 4, 5, NULL),
(22, 5, 7, NULL),
(23, 1, 4, 4),
(23, 2, 4, 5),
(23, 3, 4, NULL),
(23, 4, 5, NULL),
(23, 5, 7, NULL),
(24, 1, 1, 1),
(24, 2, 1, 2),
(24, 3, 1, NULL),
(24, 4, 6, NULL),
(24, 5, 7, NULL),
(25, 1, 1, 1),
(25, 2, 1, 2),
(25, 3, 1, NULL),
(25, 4, 6, NULL),
(25, 5, 7, NULL),
(26, 1, 4, 4),
(26, 2, 4, 5),
(26, 3, 4, NULL),
(26, 4, 6, NULL),
(26, 5, 7, NULL),
(27, 1, 2, 3),
(27, 2, 2, 2),
(27, 3, 2, NULL),
(27, 4, 5, NULL),
(27, 5, 7, NULL),
(28, 1, 4, 4),
(28, 2, 4, 5),
(28, 3, 4, NULL),
(28, 4, 6, NULL),
(28, 5, 7, NULL),
(29, 1, 2, 3),
(29, 2, 2, 2),
(29, 3, 2, NULL),
(29, 4, 5, NULL),
(29, 5, 7, NULL),
(30, 1, 4, 4),
(30, 2, 4, 5),
(30, 3, 4, NULL),
(30, 4, 5, NULL),
(30, 5, 7, NULL),
(31, 1, 1, 1),
(31, 2, 1, 2),
(31, 3, 1, NULL),
(31, 4, 6, NULL),
(31, 5, 7, NULL),
(32, 1, 4, 4),
(32, 2, 4, 5),
(32, 3, 4, NULL),
(32, 4, 6, NULL),
(32, 5, 7, NULL),
(33, 1, 4, 4),
(33, 2, 4, 5),
(33, 3, 4, NULL),
(33, 4, 6, NULL),
(33, 5, 7, NULL),
(34, 1, 1, 1),
(34, 2, 1, 2),
(34, 3, 1, NULL),
(34, 4, 6, NULL),
(34, 5, 7, NULL),
(35, 1, 2, 3),
(35, 2, 2, 2),
(35, 3, 2, NULL),
(35, 4, 5, NULL),
(35, 5, 7, NULL),
(36, 1, 2, 3),
(36, 2, 2, 2),
(36, 3, 2, NULL),
(36, 4, 5, NULL),
(36, 5, 7, NULL),
(37, 1, 2, 3),
(37, 2, 2, 2),
(37, 3, 2, NULL),
(37, 4, 5, NULL),
(37, 5, 7, NULL),
(38, 1, 2, 3),
(38, 2, 2, 2),
(38, 3, 2, NULL),
(38, 4, 5, NULL),
(38, 5, 7, NULL),
(39, 1, 4, 4),
(39, 2, 4, 5),
(39, 3, 4, NULL),
(39, 4, 5, NULL),
(39, 5, 7, NULL),
(40, 1, 2, 3),
(40, 2, 2, 2),
(40, 3, 2, NULL),
(40, 4, 5, NULL),
(40, 5, 7, NULL),
(41, 1, 2, 3),
(41, 2, 2, 2),
(41, 3, 2, NULL),
(41, 4, 5, NULL),
(41, 5, 7, NULL),
(42, 1, 2, 3),
(42, 2, 2, 2),
(42, 3, 2, NULL),
(42, 4, 5, NULL),
(42, 5, 7, NULL),
(43, 1, 4, 4),
(43, 2, 4, 5),
(43, 3, 4, NULL),
(43, 4, 5, NULL),
(43, 5, 7, NULL),
(44, 1, 2, 3),
(44, 2, 2, 2),
(44, 3, 2, NULL),
(44, 4, 5, NULL),
(44, 5, 7, NULL),
(45, 1, 2, 3),
(45, 2, 2, 2),
(45, 3, 2, NULL),
(45, 4, 5, NULL),
(45, 5, 7, NULL),
(46, 1, 1, 1),
(46, 2, 1, 2),
(46, 3, 1, NULL),
(46, 4, 6, NULL),
(46, 5, 7, NULL),
(47, 1, 4, 4),
(47, 2, 4, 5),
(47, 3, 4, NULL),
(47, 4, 6, NULL),
(47, 5, 7, NULL),
(48, 1, 1, 1),
(48, 2, 1, 2),
(48, 3, 1, NULL),
(48, 4, 6, NULL),
(48, 5, 7, NULL),
(49, 1, 1, 1),
(49, 2, 1, 2),
(49, 3, 1, NULL),
(49, 4, 6, NULL),
(49, 5, 7, NULL),
(50, 1, 1, 1),
(50, 2, 1, 2),
(50, 3, 1, NULL),
(50, 4, 6, NULL),
(50, 5, 7, NULL),
(51, 1, 1, 1),
(51, 2, 1, 2),
(51, 3, 1, NULL),
(51, 4, 6, NULL),
(51, 5, 7, NULL),
(52, 1, 1, 1),
(52, 2, 1, 2),
(52, 3, 1, NULL),
(52, 4, 6, NULL),
(52, 5, 7, NULL),
(53, 1, 1, 1),
(53, 2, 1, 2),
(53, 3, 1, NULL),
(53, 4, 6, NULL),
(53, 5, 7, NULL),
(54, 1, 4, 4),
(54, 2, 4, 5),
(54, 3, 4, NULL),
(54, 4, 6, NULL),
(54, 5, 7, NULL),
(55, 1, 1, 1),
(55, 2, 1, 2),
(55, 3, 1, NULL),
(55, 4, 6, NULL),
(55, 5, 7, NULL),
(56, 1, 1, 1),
(56, 2, 1, 2),
(56, 3, 1, NULL),
(56, 4, 6, NULL),
(56, 5, 7, NULL),
(57, 1, 2, 3),
(57, 2, 2, 2),
(57, 3, 2, NULL),
(57, 4, 5, NULL),
(57, 5, 7, NULL),
(58, 1, 2, 3),
(58, 2, 2, 2),
(58, 3, 2, NULL),
(58, 4, 5, NULL),
(58, 5, 7, NULL),
(59, 1, 3, 6),
(59, 2, 3, 2),
(59, 3, 3, NULL),
(59, 4, 5, NULL),
(59, 5, 7, NULL),
(60, 1, 2, 3),
(60, 2, 2, 2),
(60, 3, 2, NULL),
(60, 4, 5, NULL),
(60, 5, 7, NULL),
(61, 1, 1, 1),
(61, 2, 1, 2),
(61, 3, 1, NULL),
(61, 4, 6, NULL),
(61, 5, 7, NULL),
(62, 1, 4, 4),
(62, 2, 4, 5),
(62, 3, 4, NULL),
(62, 4, 5, NULL),
(62, 5, 7, NULL),
(63, 1, 2, 3),
(63, 2, 2, 2),
(63, 3, 2, NULL),
(63, 4, 5, NULL),
(63, 5, 7, NULL),
(64, 1, 4, 4),
(64, 2, 4, 5),
(64, 3, 4, NULL),
(64, 4, 5, NULL),
(64, 5, 7, NULL),
(65, 1, 4, 4),
(65, 2, 4, 5),
(65, 3, 4, NULL),
(65, 4, 6, NULL),
(65, 5, 7, NULL),
(66, 1, 2, 3),
(66, 2, 2, 2),
(66, 3, 2, NULL),
(66, 4, 5, NULL),
(66, 5, 7, NULL),
(67, 1, 2, 3),
(67, 2, 2, 2),
(67, 3, 2, NULL),
(67, 4, 5, NULL),
(67, 5, 7, NULL),
(68, 1, 4, 4),
(68, 2, 4, 5),
(68, 3, 4, NULL),
(68, 4, 5, NULL),
(68, 5, 7, NULL),
(69, 1, 4, 4),
(69, 2, 4, 5),
(69, 3, 4, NULL),
(69, 4, 5, NULL),
(69, 5, 7, NULL),
(70, 1, 4, 4),
(70, 2, 4, 5),
(70, 3, 4, NULL),
(70, 4, 6, NULL),
(70, 5, 7, NULL),
(71, 1, 2, 3),
(71, 2, 2, 2),
(71, 3, 2, NULL),
(71, 4, 5, NULL),
(71, 5, 7, NULL),
(72, 1, 2, 3),
(72, 2, 2, 2),
(72, 3, 2, NULL),
(72, 4, 5, NULL),
(72, 5, 7, NULL),
(73, 1, 1, 1),
(73, 2, 1, 2),
(73, 3, 1, NULL),
(73, 4, 6, NULL),
(73, 5, 7, NULL),
(74, 1, 2, 3),
(74, 2, 2, 2),
(74, 3, 2, NULL),
(74, 4, 5, NULL),
(74, 5, 7, NULL),
(75, 1, 2, 3),
(75, 2, 2, 2),
(75, 3, 2, NULL),
(75, 4, 5, NULL),
(75, 5, 7, NULL),
(76, 1, 2, 3),
(76, 2, 2, 2),
(76, 3, 2, NULL),
(76, 4, 5, NULL),
(76, 5, 7, NULL),
(77, 1, 2, 3),
(77, 2, 2, 2),
(77, 3, 2, NULL),
(77, 4, 5, NULL),
(77, 5, 7, NULL),
(78, 1, 4, 4),
(78, 2, 4, 5),
(78, 3, 4, NULL),
(78, 4, 6, NULL),
(78, 5, 7, NULL),
(79, 1, 4, 4),
(79, 2, 4, 5),
(79, 3, 4, NULL),
(79, 4, 5, NULL),
(79, 5, 7, NULL),
(80, 1, 1, 1),
(80, 2, 1, 2),
(80, 3, 1, NULL),
(80, 4, 5, NULL),
(80, 5, 7, NULL),
(81, 1, 2, 3),
(81, 2, 2, 2),
(81, 3, 2, NULL),
(81, 4, 5, NULL),
(81, 5, 7, NULL),
(82, 1, 4, 4),
(82, 2, 4, 5),
(82, 3, 4, NULL),
(82, 4, 6, NULL),
(82, 5, 7, NULL),
(83, 1, 4, 4),
(83, 2, 4, 5),
(83, 3, 4, NULL),
(83, 4, 5, NULL),
(83, 5, 7, NULL),
(84, 1, 4, 4),
(84, 2, 4, 5),
(84, 3, 4, NULL),
(84, 4, 6, NULL),
(84, 5, 7, NULL),
(85, 1, 4, 4),
(85, 2, 4, 5),
(85, 3, 4, NULL),
(85, 4, 6, NULL),
(85, 5, 7, NULL),
(86, 1, 4, 4),
(86, 2, 4, 5),
(86, 3, 4, NULL),
(86, 4, 6, NULL),
(86, 5, 7, NULL),
(87, 1, 4, 4),
(87, 2, 4, 5),
(87, 3, 4, NULL),
(87, 4, 5, NULL),
(87, 5, 7, NULL),
(88, 1, 4, 4),
(88, 2, 4, 5),
(88, 3, 4, NULL),
(88, 4, 5, NULL),
(88, 5, 7, NULL),
(89, 1, 2, 3),
(89, 2, 2, 2),
(89, 3, 2, NULL),
(89, 4, 5, NULL),
(89, 5, 7, NULL),
(90, 1, 2, 3),
(90, 2, 2, 2),
(90, 3, 2, NULL),
(90, 4, 5, NULL),
(90, 5, 7, NULL),
(91, 1, 4, 4),
(91, 2, 4, 5),
(91, 3, 4, NULL),
(91, 4, 6, NULL),
(91, 5, 7, NULL),
(92, 1, 3, 6),
(92, 2, 3, 2),
(92, 3, 3, NULL),
(92, 4, 5, NULL),
(92, 5, 7, NULL),
(93, 1, 3, 6),
(93, 2, 3, 2),
(93, 3, 3, NULL),
(93, 4, 5, NULL),
(93, 5, 7, NULL),
(94, 1, 3, 6),
(94, 2, 3, 2),
(94, 3, 3, NULL),
(94, 4, 5, NULL),
(94, 5, 7, NULL),
(95, 1, 1, 1),
(95, 2, 1, 2),
(95, 3, 1, NULL),
(95, 4, 6, NULL),
(95, 5, 7, NULL),
(96, 1, 3, 6),
(96, 2, 3, 2),
(96, 3, 3, NULL),
(96, 4, 5, NULL),
(96, 5, 7, NULL),
(97, 1, 3, 6),
(97, 2, 3, 2),
(97, 3, 3, NULL),
(97, 4, 5, NULL),
(97, 5, 7, NULL),
(98, 1, 2, 3),
(98, 2, 2, 2),
(98, 3, 2, NULL),
(98, 4, 5, NULL),
(98, 5, 7, NULL),
(99, 1, 4, 4),
(99, 2, 4, 5),
(99, 3, 4, NULL),
(99, 4, 5, NULL),
(99, 5, 7, NULL),
(100, 1, 3, 6),
(100, 2, 3, 2),
(100, 3, 3, NULL),
(100, 4, 5, NULL),
(100, 5, 7, NULL),
(101, 1, 3, 6),
(101, 2, 3, 2),
(101, 3, 3, NULL),
(101, 4, 5, NULL),
(101, 5, 7, NULL),
(102, 1, 2, 3),
(102, 2, 2, 2),
(102, 3, 2, NULL),
(102, 4, 5, NULL),
(102, 5, 7, NULL),
(103, 1, 4, 4),
(103, 2, 4, 5),
(103, 3, 4, NULL),
(103, 4, 5, NULL),
(103, 5, 7, NULL),
(104, 1, 2, 3),
(104, 2, 2, 2),
(104, 3, 2, NULL),
(104, 4, 5, NULL),
(104, 5, 7, NULL),
(105, 1, 2, 3),
(105, 2, 2, 2),
(105, 3, 2, NULL),
(105, 4, 5, NULL),
(105, 5, 7, NULL),
(106, 1, 2, 3),
(106, 2, 2, 2),
(106, 3, 2, NULL),
(106, 4, 5, NULL),
(106, 5, 7, NULL),
(107, 1, 1, 1),
(107, 2, 1, 2),
(107, 3, 1, NULL),
(107, 4, 6, NULL),
(107, 5, 7, NULL),
(108, 1, 1, 1),
(108, 2, 1, 2),
(108, 3, 1, NULL),
(108, 4, 6, NULL),
(108, 5, 7, NULL),
(109, 1, 2, 3),
(109, 2, 2, 2),
(109, 3, 2, NULL),
(109, 4, 5, NULL),
(109, 5, 7, NULL),
(110, 1, 4, 4),
(110, 2, 4, 5),
(110, 3, 4, NULL),
(110, 4, 5, NULL),
(110, 5, 7, NULL),
(111, 1, 4, 4),
(111, 2, 4, 5),
(111, 3, 4, NULL),
(111, 4, 6, NULL),
(111, 5, 7, NULL),
(112, 1, 1, 1),
(112, 2, 1, 2),
(112, 3, 1, NULL),
(112, 4, 5, NULL),
(112, 5, 7, NULL),
(113, 1, 1, 1),
(113, 2, 1, 2),
(113, 3, 1, NULL),
(113, 4, 6, NULL),
(113, 5, 7, NULL),
(114, 1, 2, 3),
(114, 2, 2, 2),
(114, 3, 2, NULL),
(114, 4, 5, NULL),
(114, 5, 7, NULL),
(115, 1, 2, 3),
(115, 2, 2, 2),
(115, 3, 2, NULL),
(115, 4, 6, NULL),
(115, 5, 7, NULL),
(116, 1, 2, 3),
(116, 2, 2, 2),
(116, 3, 2, NULL),
(116, 4, 6, NULL),
(116, 5, 7, NULL),
(117, 1, 4, 4),
(117, 2, 4, 5),
(117, 3, 4, NULL),
(117, 4, 6, NULL),
(117, 5, 7, NULL),
(118, 1, 4, 4),
(118, 2, 4, 5),
(118, 3, 4, NULL),
(118, 4, 6, NULL),
(118, 5, 7, NULL),
(119, 1, 4, 4),
(119, 2, 4, 5),
(119, 3, 4, NULL),
(119, 4, 5, NULL),
(119, 5, 7, NULL),
(120, 1, 4, 4),
(120, 2, 4, 5),
(120, 3, 4, NULL),
(120, 4, 6, NULL),
(120, 5, 7, NULL),
(121, 1, 1, 1),
(121, 2, 1, 2),
(121, 3, 1, NULL),
(121, 4, 6, NULL),
(121, 5, 7, NULL),
(122, 1, 1, 1),
(122, 2, 1, 2),
(122, 3, 1, NULL),
(122, 4, 6, NULL),
(122, 5, 7, NULL),
(123, 1, 1, 1),
(123, 2, 1, 2),
(123, 3, 1, NULL),
(123, 4, 6, NULL),
(123, 5, 7, NULL),
(124, 1, 4, 4),
(124, 2, 4, 5),
(124, 3, 4, NULL),
(124, 4, 6, NULL),
(124, 5, 7, NULL),
(125, 1, 4, 4),
(125, 2, 4, 5),
(125, 3, 4, NULL),
(125, 4, 6, NULL),
(125, 5, 7, NULL),
(126, 1, 1, 1),
(126, 2, 1, 2),
(126, 3, 1, NULL),
(126, 4, 6, NULL),
(126, 5, 7, NULL),
(127, 1, 1, 1),
(127, 2, 1, 2),
(127, 3, 1, NULL),
(127, 4, 6, NULL),
(127, 5, 7, NULL),
(128, 1, 4, 4),
(128, 2, 4, 5),
(128, 3, 4, NULL),
(128, 4, 5, NULL),
(128, 5, 7, NULL),
(129, 1, 2, 3),
(129, 2, 2, 2),
(129, 3, 2, NULL),
(129, 4, 5, NULL),
(129, 5, 7, NULL),
(130, 1, 2, 3),
(130, 2, 2, 2),
(130, 3, 2, NULL),
(130, 4, 5, NULL),
(130, 5, 7, NULL),
(131, 1, 2, 3),
(131, 2, 2, 2),
(131, 3, 2, NULL),
(131, 4, 5, NULL),
(131, 5, 7, NULL),
(132, 1, 1, 1),
(132, 2, 1, 2),
(132, 3, 1, NULL),
(132, 4, 6, NULL),
(132, 5, 7, NULL),
(133, 1, 1, 1),
(133, 2, 1, 2),
(133, 3, 1, NULL),
(133, 4, 6, NULL),
(133, 5, 7, NULL),
(134, 1, 1, 1),
(134, 2, 1, 2),
(134, 3, 1, NULL),
(134, 4, 6, NULL),
(134, 5, 7, NULL),
(135, 1, 2, 3),
(135, 2, 2, 2),
(135, 3, 2, NULL),
(135, 4, 5, NULL),
(135, 5, 7, NULL),
(136, 1, 2, 3),
(136, 2, 2, 2),
(136, 3, 2, NULL),
(136, 4, 5, NULL),
(136, 5, 7, NULL),
(137, 1, 4, 4),
(137, 2, 4, 5),
(137, 3, 4, NULL),
(137, 4, 6, NULL),
(137, 5, 7, NULL),
(138, 1, 1, 1),
(138, 2, 1, 2),
(138, 3, 1, NULL),
(138, 4, 6, NULL),
(138, 5, 7, NULL),
(139, 1, 4, 4),
(139, 2, 4, 5),
(139, 3, 4, NULL),
(139, 4, 6, NULL),
(139, 5, 7, NULL),
(140, 1, 4, 4),
(140, 2, 4, 5),
(140, 3, 4, NULL),
(140, 4, 5, NULL),
(140, 5, 7, NULL),
(141, 1, 2, 3),
(141, 2, 2, 2),
(141, 3, 2, NULL),
(141, 4, 5, NULL),
(141, 5, 7, NULL),
(142, 1, 2, 3),
(142, 2, 2, 2),
(142, 3, 2, NULL),
(142, 4, 5, NULL),
(142, 5, 7, NULL),
(143, 1, 1, 1),
(143, 2, 1, 2),
(143, 3, 1, NULL),
(143, 4, 6, NULL),
(143, 5, 7, NULL),
(144, 1, 1, 1),
(144, 2, 1, 2),
(144, 3, 1, NULL),
(144, 4, 6, NULL),
(144, 5, 7, NULL),
(145, 1, 2, 3),
(145, 2, 2, 2),
(145, 3, 2, NULL),
(145, 4, 5, NULL),
(145, 5, 7, NULL),
(146, 1, 2, 3),
(146, 2, 2, 2),
(146, 3, 2, NULL),
(146, 4, 5, NULL),
(146, 5, 7, NULL),
(147, 1, 1, 1),
(147, 2, 1, 2),
(147, 3, 1, NULL),
(147, 4, 6, NULL),
(147, 5, 7, NULL),
(148, 1, 2, 3),
(148, 2, 2, 2),
(148, 3, 2, NULL),
(148, 4, 5, NULL),
(148, 5, 7, NULL),
(149, 1, 4, 4),
(149, 2, 4, 5),
(149, 3, 4, NULL),
(149, 4, 5, NULL),
(149, 5, 7, NULL),
(150, 1, 2, 3),
(150, 2, 2, 2),
(150, 3, 2, NULL),
(150, 4, 5, NULL),
(150, 5, 7, NULL),
(151, 1, 1, 1),
(151, 2, 1, 2),
(151, 3, 1, NULL),
(151, 4, 6, NULL),
(151, 5, 7, NULL),
(152, 1, 2, 3),
(152, 2, 2, 2),
(152, 3, 2, NULL),
(152, 4, 5, NULL),
(152, 5, 7, NULL),
(153, 1, 4, 4),
(153, 2, 4, 5),
(153, 3, 4, NULL),
(153, 4, 6, NULL),
(153, 5, 7, NULL),
(154, 1, 2, 3),
(154, 2, 2, 2),
(154, 3, 2, NULL),
(154, 4, 5, NULL),
(154, 5, 7, NULL),
(155, 1, 4, 4),
(155, 2, 4, 5),
(155, 3, 4, NULL),
(155, 4, 6, NULL),
(155, 5, 7, NULL),
(156, 1, 2, 3),
(156, 2, 2, 2),
(156, 3, 2, NULL),
(156, 4, 5, NULL),
(156, 5, 7, NULL),
(157, 1, 3, 6),
(157, 2, 3, 2),
(157, 3, 3, NULL),
(157, 4, 5, NULL),
(157, 5, 7, NULL),
(158, 1, 3, 6),
(158, 2, 3, 2),
(158, 3, 3, NULL),
(158, 4, 5, NULL),
(158, 5, 7, NULL),
(159, 1, 2, 3),
(159, 2, 2, 2),
(159, 3, 2, NULL),
(159, 4, 5, NULL),
(159, 5, 7, NULL),
(160, 1, 2, 3),
(160, 2, 2, 2),
(160, 3, 2, NULL),
(160, 4, 5, NULL),
(160, 5, 7, NULL),
(161, 1, 1, 1),
(161, 2, 1, 2),
(161, 3, 1, NULL),
(161, 4, 6, NULL),
(161, 5, 7, NULL),
(162, 1, 2, 3),
(162, 2, 2, 2),
(162, 3, 2, NULL),
(162, 4, 5, NULL),
(162, 5, 7, NULL),
(163, 1, 3, 6),
(163, 2, 3, 2),
(163, 3, 3, NULL),
(163, 4, 5, NULL),
(163, 5, 7, NULL),
(164, 1, 2, 3),
(164, 2, 2, 2),
(164, 3, 2, NULL),
(164, 4, 5, NULL),
(164, 5, 7, NULL),
(165, 1, 4, 4),
(165, 2, 4, 5),
(165, 3, 4, NULL),
(165, 4, 6, NULL),
(165, 5, 7, NULL),
(166, 1, 4, 4),
(166, 2, 4, 5),
(166, 3, 4, NULL),
(166, 4, 5, NULL),
(166, 5, 7, NULL),
(167, 1, 4, 4),
(167, 2, 4, 5),
(167, 3, 4, NULL),
(167, 4, 5, NULL),
(167, 5, 7, NULL),
(168, 1, 1, 1),
(168, 2, 1, 2),
(168, 3, 1, NULL),
(168, 4, 6, NULL),
(168, 5, 7, NULL),
(169, 1, 4, 4),
(169, 2, 4, 5),
(169, 3, 4, NULL),
(169, 4, 6, NULL),
(169, 5, 7, NULL),
(170, 1, 4, 4),
(170, 2, 4, 5),
(170, 3, 4, NULL),
(170, 4, 6, NULL),
(170, 5, 7, NULL),
(171, 1, 1, 1),
(171, 2, 1, 2),
(171, 3, 1, NULL),
(171, 4, 6, NULL),
(171, 5, 7, NULL),
(172, 1, 1, 1),
(172, 2, 1, 2),
(172, 3, 1, NULL),
(172, 4, 6, NULL),
(172, 5, 7, NULL),
(173, 1, 1, 1),
(173, 2, 1, 2),
(173, 3, 1, NULL),
(173, 4, 6, NULL),
(173, 5, 7, NULL),
(174, 1, 2, 3),
(174, 2, 2, 2),
(174, 3, 2, NULL),
(174, 4, 5, NULL),
(174, 5, 7, NULL),
(175, 1, 4, 4),
(175, 2, 4, 5),
(175, 3, 4, NULL),
(175, 4, 6, NULL),
(175, 5, 7, NULL),
(176, 1, 3, 6),
(176, 2, 3, 2),
(176, 3, 3, NULL),
(176, 4, 5, NULL),
(176, 5, 7, NULL),
(177, 1, 2, 3),
(177, 2, 2, 2),
(177, 3, 2, NULL),
(177, 4, 5, NULL),
(177, 5, 7, NULL),
(178, 1, 2, 3),
(178, 2, 2, 2),
(178, 3, 2, NULL),
(178, 4, 5, NULL),
(178, 5, 7, NULL),
(179, 1, 1, 1),
(179, 2, 1, 2),
(179, 3, 1, NULL),
(179, 4, 6, NULL),
(179, 5, 7, NULL),
(180, 1, 1, 1),
(180, 2, 1, 2),
(180, 3, 1, NULL),
(180, 4, 6, NULL),
(180, 5, 7, NULL),
(181, 1, 2, 3),
(181, 2, 2, 2),
(181, 3, 2, NULL),
(181, 4, 5, NULL),
(181, 5, 7, NULL),
(182, 1, 4, 4),
(182, 2, 4, 5),
(182, 3, 4, NULL),
(182, 4, 6, NULL),
(182, 5, 7, NULL),
(183, 1, 3, 6),
(183, 2, 3, 2),
(183, 3, 3, NULL),
(183, 4, 5, NULL),
(183, 5, 7, NULL),
(184, 1, 4, 4),
(184, 2, 4, 5),
(184, 3, 4, NULL),
(184, 4, 6, NULL),
(184, 5, 7, NULL),
(185, 1, 2, 3),
(185, 2, 2, 2),
(185, 3, 2, NULL),
(185, 4, 5, NULL),
(185, 5, 7, NULL),
(186, 1, 2, 3),
(186, 2, 2, 2),
(186, 3, 2, NULL),
(186, 4, 5, NULL),
(186, 5, 7, NULL),
(187, 1, 1, 1),
(187, 2, 1, 2),
(187, 3, 1, NULL),
(187, 4, 6, NULL),
(187, 5, 7, NULL),
(188, 1, 4, 4),
(188, 2, 4, 5),
(188, 3, 4, NULL),
(188, 4, 6, NULL),
(188, 5, 7, NULL),
(189, 1, 3, 6),
(189, 2, 3, 2),
(189, 3, 3, NULL),
(189, 4, 5, NULL),
(189, 5, 7, NULL),
(190, 1, 3, 6),
(190, 2, 3, 2),
(190, 3, 3, NULL),
(190, 4, 5, NULL),
(190, 5, 7, NULL),
(191, 1, 4, 4),
(191, 2, 4, 5),
(191, 3, 4, NULL),
(191, 4, 6, NULL),
(191, 5, 7, NULL),
(192, 1, 2, 3),
(192, 2, 2, 2),
(192, 3, 2, NULL),
(192, 4, 5, NULL),
(192, 5, 7, NULL),
(193, 1, 4, 4),
(193, 2, 4, 5),
(193, 3, 4, NULL),
(193, 4, 6, NULL),
(193, 5, 7, NULL),
(194, 1, 4, 4),
(194, 2, 4, 5),
(194, 3, 4, NULL),
(194, 4, 6, NULL),
(194, 5, 7, NULL),
(195, 1, 1, 1),
(195, 2, 1, 2),
(195, 3, 1, NULL),
(195, 4, 6, NULL),
(195, 5, 7, NULL),
(196, 1, 1, 1),
(196, 2, 1, 2),
(196, 3, 1, NULL),
(196, 4, 6, NULL),
(196, 5, 7, NULL),
(197, 1, 2, 3),
(197, 2, 2, 2),
(197, 3, 2, NULL),
(197, 4, 5, NULL),
(197, 5, 7, NULL),
(198, 1, 4, 4),
(198, 2, 4, 5),
(198, 3, 4, NULL),
(198, 4, 5, NULL),
(198, 5, 7, NULL),
(199, 1, 4, 4),
(199, 2, 4, 5),
(199, 3, 4, NULL),
(199, 4, 5, NULL),
(199, 5, 7, NULL),
(200, 1, 1, 1),
(200, 2, 1, 2),
(200, 3, 1, NULL),
(200, 4, 6, NULL),
(200, 5, 7, NULL),
(201, 1, 2, 3),
(201, 2, 2, 2),
(201, 3, 2, NULL),
(201, 4, 5, NULL),
(201, 5, 7, NULL),
(202, 1, 1, 1),
(202, 2, 1, 2),
(202, 3, 1, NULL),
(202, 4, 6, NULL),
(202, 5, 7, NULL),
(203, 1, 1, 1),
(203, 2, 1, 2),
(203, 3, 1, NULL),
(203, 4, 6, NULL),
(203, 5, 7, NULL),
(204, 1, 4, 4),
(204, 2, 4, 5),
(204, 3, 4, NULL),
(204, 4, 6, NULL),
(204, 5, 7, NULL),
(205, 1, 1, 1),
(205, 2, 1, 2),
(205, 3, 1, NULL),
(205, 4, 6, NULL),
(205, 5, 7, NULL),
(206, 1, 1, 1),
(206, 2, 1, 2),
(206, 3, 1, NULL),
(206, 4, 6, NULL),
(206, 5, 7, NULL),
(207, 1, 3, 6),
(207, 2, 3, 2),
(207, 3, 3, NULL),
(207, 4, 5, NULL),
(207, 5, 7, NULL),
(208, 1, 3, 6),
(208, 2, 3, 2),
(208, 3, 3, NULL),
(208, 4, 5, NULL),
(208, 5, 7, NULL),
(209, 1, 2, 3),
(209, 2, 2, 2),
(209, 3, 2, NULL),
(209, 4, 5, NULL),
(209, 5, 7, NULL),
(210, 1, 4, 4),
(210, 2, 4, 5),
(210, 3, 4, NULL),
(210, 4, 5, NULL),
(210, 5, 7, NULL),
(211, 1, 1, 1),
(211, 2, 1, 2),
(211, 3, 1, NULL),
(211, 4, 6, NULL),
(211, 5, 7, NULL),
(212, 1, 4, 4),
(212, 2, 4, 5),
(212, 3, 4, NULL),
(212, 4, 6, NULL),
(212, 5, 7, NULL),
(213, 1, 4, 4),
(213, 2, 4, 5),
(213, 3, 4, NULL),
(213, 4, 6, NULL),
(213, 5, 7, NULL),
(214, 1, 1, 1),
(214, 2, 1, 2),
(214, 3, 1, NULL),
(214, 4, 6, NULL),
(214, 5, 7, NULL),
(215, 1, 4, 4),
(215, 2, 4, 5),
(215, 3, 4, NULL),
(215, 4, 6, NULL),
(215, 5, 7, NULL),
(216, 1, 2, 3),
(216, 2, 2, 2),
(216, 3, 2, NULL),
(216, 4, 5, NULL),
(216, 5, 7, NULL),
(217, 1, 1, 1),
(217, 2, 1, 2),
(217, 3, 1, NULL),
(217, 4, 6, NULL),
(217, 5, 7, NULL),
(218, 1, 1, 1),
(218, 2, 1, 2),
(218, 3, 1, NULL),
(218, 4, 6, NULL),
(218, 5, 7, NULL),
(219, 1, 4, 4),
(219, 2, 4, 5),
(219, 3, 4, NULL),
(219, 4, 5, NULL),
(219, 5, 7, NULL),
(220, 1, 4, 4),
(220, 2, 4, 5),
(220, 3, 4, NULL),
(220, 4, 5, NULL),
(220, 5, 7, NULL),
(221, 1, 2, 3),
(221, 2, 2, 2),
(221, 3, 2, NULL),
(221, 4, 5, NULL),
(221, 5, 7, NULL),
(222, 1, 2, 3),
(222, 2, 2, 2),
(222, 3, 2, NULL),
(222, 4, 5, NULL),
(222, 5, 7, NULL),
(223, 1, 4, 4),
(223, 2, 4, 5),
(223, 3, 4, NULL),
(223, 4, 6, NULL),
(223, 5, 7, NULL),
(224, 1, 1, 1),
(224, 2, 1, 2),
(224, 3, 1, NULL),
(224, 4, 6, NULL),
(224, 5, 7, NULL),
(225, 1, 4, 4),
(225, 2, 4, 5),
(225, 3, 4, NULL),
(225, 4, 6, NULL),
(225, 5, 7, NULL),
(226, 1, 3, 6),
(226, 2, 3, 2),
(226, 3, 3, NULL),
(226, 4, 5, NULL),
(226, 5, 7, NULL),
(227, 1, 2, 3),
(227, 2, 2, 2),
(227, 3, 2, NULL),
(227, 4, 5, NULL),
(227, 5, 7, NULL),
(228, 1, 2, 3),
(228, 2, 2, 2),
(228, 3, 2, NULL),
(228, 4, 5, NULL),
(228, 5, 7, NULL),
(229, 1, 4, 4),
(229, 2, 4, 5),
(229, 3, 4, NULL),
(229, 4, 5, NULL),
(229, 5, 7, NULL),
(230, 1, 2, 3),
(230, 2, 2, 2),
(230, 3, 2, NULL),
(230, 4, 5, NULL),
(230, 5, 7, NULL),
(231, 1, 4, 4),
(231, 2, 4, 5),
(231, 3, 4, NULL),
(231, 4, 6, NULL),
(231, 5, 7, NULL),
(232, 1, 4, 4),
(232, 2, 4, 5),
(232, 3, 4, NULL),
(232, 4, 6, NULL),
(232, 5, 7, NULL),
(233, 1, 1, 1),
(233, 2, 1, 2),
(233, 3, 1, NULL),
(233, 4, 6, NULL),
(233, 5, 7, NULL),
(234, 1, 4, 4),
(234, 2, 4, 5),
(234, 3, 4, NULL),
(234, 4, 6, NULL),
(234, 5, 7, NULL),
(235, 1, 4, 4),
(235, 2, 4, 5),
(235, 3, 4, NULL),
(235, 4, 6, NULL),
(235, 5, 7, NULL),
(236, 1, 2, 3),
(236, 2, 2, 2),
(236, 3, 2, NULL),
(236, 4, 5, NULL),
(236, 5, 7, NULL),
(237, 1, 2, 3),
(237, 2, 2, 2),
(237, 3, 2, NULL),
(237, 4, 5, NULL),
(237, 5, 7, NULL),
(238, 1, 2, 3),
(238, 2, 2, 2),
(238, 3, 2, NULL),
(238, 4, 5, NULL),
(238, 5, 7, NULL),
(239, 1, 3, 6),
(239, 2, 3, 2),
(239, 3, 3, NULL),
(239, 4, 5, NULL),
(239, 5, 7, NULL),
(240, 1, 4, 4),
(240, 2, 4, 5),
(240, 3, 4, NULL),
(240, 4, 6, NULL),
(240, 5, 7, NULL),
(241, 1, 4, 4),
(241, 2, 4, 5),
(241, 3, 4, NULL),
(241, 4, 6, NULL),
(241, 5, 7, NULL),
(242, 1, 4, 4),
(242, 2, 4, 5),
(242, 3, 4, NULL),
(242, 4, 6, NULL),
(242, 5, 7, NULL),
(243, 1, 4, 4),
(243, 2, 4, 5),
(243, 3, 4, NULL),
(243, 4, 5, NULL),
(243, 5, 7, NULL),
(244, 1, 2, 3),
(244, 2, 2, 2),
(244, 3, 2, NULL),
(244, 4, 5, NULL),
(244, 5, 7, NULL),
(245, 1, 1, 1),
(245, 2, 1, 2),
(245, 3, 1, NULL),
(245, 4, 6, NULL),
(245, 5, 7, NULL),
(246, 1, 4, 4),
(246, 2, 4, 5),
(246, 3, 4, NULL),
(246, 4, 6, NULL),
(246, 5, 7, NULL),
(247, 1, 2, 3),
(247, 2, 2, 2),
(247, 3, 2, NULL),
(247, 4, 5, NULL),
(247, 5, 7, NULL),
(248, 1, 2, 3),
(248, 2, 2, 2),
(248, 3, 2, NULL),
(248, 4, 5, NULL),
(248, 5, 7, NULL),
(249, 1, 2, 3),
(249, 2, 2, 2),
(249, 3, 2, NULL),
(249, 4, 5, NULL),
(249, 5, 7, NULL),
(250, 1, 3, 6),
(250, 2, 3, 2),
(250, 3, 3, NULL),
(250, 4, 5, NULL),
(250, 5, 7, NULL),
(251, 1, 2, 3),
(251, 2, 2, 2),
(251, 3, 2, NULL),
(251, 4, 5, NULL),
(251, 5, 7, NULL),
(252, 1, 1, 1),
(252, 2, 1, 2),
(252, 3, 1, NULL),
(252, 4, 6, NULL),
(252, 5, 7, NULL),
(253, 1, 4, 4),
(253, 2, 4, 5),
(253, 3, 4, NULL),
(253, 4, 6, NULL),
(253, 5, 7, NULL),
(254, 1, 4, 4),
(254, 2, 4, 5),
(254, 3, 4, NULL),
(254, 4, 6, NULL),
(254, 5, 7, NULL),
(255, 1, 4, 4),
(255, 2, 4, 5),
(255, 3, 4, NULL),
(255, 4, 6, NULL),
(255, 5, 7, NULL),
(256, 1, 1, 1),
(256, 2, 1, 2),
(256, 3, 1, NULL),
(256, 4, 6, NULL),
(256, 5, 7, NULL),
(257, 1, 1, 1),
(257, 2, 1, 2),
(257, 3, 1, NULL),
(257, 4, 6, NULL),
(257, 5, 7, NULL),
(258, 1, 2, 3),
(258, 2, 2, 2),
(258, 3, 2, NULL),
(258, 4, 5, NULL),
(258, 5, 7, NULL),
(259, 1, 2, 3),
(259, 2, 2, 2),
(259, 3, 2, NULL),
(259, 4, 5, NULL),
(259, 5, 7, NULL),
(260, 1, 4, 4),
(260, 2, 4, 5),
(260, 3, 4, NULL),
(260, 4, 5, NULL),
(260, 5, 7, NULL),
(261, 1, 1, 1),
(261, 2, 1, 2),
(261, 3, 1, NULL),
(261, 4, 6, NULL),
(261, 5, 7, NULL),
(262, 1, 1, 1),
(262, 2, 1, 2),
(262, 3, 1, NULL),
(262, 4, 6, NULL),
(262, 5, 7, NULL),
(263, 1, 2, 3),
(263, 2, 2, 2),
(263, 3, 2, NULL),
(263, 4, 5, NULL),
(263, 5, 7, NULL),
(264, 1, 1, 1),
(264, 2, 1, 2),
(264, 3, 1, NULL),
(264, 4, 6, NULL),
(264, 5, 7, NULL),
(265, 1, 1, 1),
(265, 2, 1, 2),
(265, 3, 1, NULL),
(265, 4, 6, NULL),
(265, 5, 7, NULL),
(266, 1, 4, 4),
(266, 2, 4, 5),
(266, 3, 4, NULL),
(266, 4, 5, NULL),
(266, 5, 7, NULL),
(267, 1, 2, 3),
(267, 2, 2, 2),
(267, 3, 2, NULL),
(267, 4, 5, NULL),
(267, 5, 7, NULL),
(268, 1, 2, 3),
(268, 2, 2, 2),
(268, 3, 2, NULL),
(268, 4, 5, NULL),
(268, 5, 7, NULL),
(269, 1, 4, 4),
(269, 2, 4, 5),
(269, 3, 4, NULL),
(269, 4, 6, NULL),
(269, 5, 7, NULL),
(270, 1, 4, 4),
(270, 2, 4, 5),
(270, 3, 4, NULL),
(270, 4, 5, NULL),
(270, 5, 7, NULL),
(271, 1, 4, 4),
(271, 2, 4, 5),
(271, 3, 4, NULL),
(271, 4, 6, NULL),
(271, 5, 7, NULL),
(272, 1, 4, 4),
(272, 2, 4, 5),
(272, 3, 4, NULL),
(272, 4, 6, NULL),
(272, 5, 7, NULL),
(273, 1, 4, 4),
(273, 2, 4, 5),
(273, 3, 4, NULL),
(273, 4, 6, NULL),
(273, 5, 7, NULL),
(274, 1, 2, 3),
(274, 2, 2, 2),
(274, 3, 2, NULL),
(274, 4, 5, NULL),
(274, 5, 7, NULL),
(275, 1, 2, 3),
(275, 2, 2, 2),
(275, 3, 2, NULL),
(275, 4, 5, NULL),
(275, 5, 7, NULL),
(276, 1, 2, 3),
(276, 2, 2, 2),
(276, 3, 2, NULL),
(276, 4, 5, NULL),
(276, 5, 7, NULL),
(277, 1, 1, 1),
(277, 2, 1, 2),
(277, 3, 1, NULL),
(277, 4, 6, NULL),
(277, 5, 7, NULL),
(278, 1, 2, 3),
(278, 2, 2, 2),
(278, 3, 2, NULL),
(278, 4, 5, NULL),
(278, 5, 7, NULL),
(279, 1, 4, 4),
(279, 2, 4, 5),
(279, 3, 4, NULL),
(279, 4, 6, NULL),
(279, 5, 7, NULL),
(280, 1, 4, 4),
(280, 2, 4, 5),
(280, 3, 4, NULL),
(280, 4, 6, NULL),
(280, 5, 7, NULL),
(281, 1, 4, 4),
(281, 2, 4, 5),
(281, 3, 4, NULL),
(281, 4, 6, NULL),
(281, 5, 7, NULL),
(282, 1, 2, 3),
(282, 2, 2, 2),
(282, 3, 2, NULL),
(282, 4, 5, NULL),
(282, 5, 7, NULL),
(283, 1, 4, 4),
(283, 2, 4, 5),
(283, 3, 4, NULL),
(283, 4, 6, NULL),
(283, 5, 7, NULL),
(284, 1, 3, 6),
(284, 2, 3, 2),
(284, 3, 3, NULL),
(284, 4, 5, NULL),
(284, 5, 7, NULL),
(285, 1, 4, 4),
(285, 2, 4, 5),
(285, 3, 4, NULL),
(285, 4, 6, NULL),
(285, 5, 7, NULL),
(286, 1, 1, 1),
(286, 2, 1, 2),
(286, 3, 1, NULL),
(286, 4, 6, NULL),
(286, 5, 7, NULL);

-- --------------------------------------------------------

--
-- Table structure for table `sector`
--

DROP TABLE IF EXISTS `sector`;
CREATE TABLE IF NOT EXISTS `sector` (
  `id` int(10) UNSIGNED NOT NULL AUTO_INCREMENT,
  `name` varchar(10) NOT NULL,
  `PM` tinyint(1) NOT NULL COMMENT 'Waste collection AM or PM',
  `weekday` varchar(10) NOT NULL,
  PRIMARY KEY (`id`),
  UNIQUE KEY `id_UNIQUE` (`id`)
) ENGINE=MyISAM AUTO_INCREMENT=8 DEFAULT CHARSET=utf8;

--
-- Dumping data for table `sector`
--

INSERT INTO `sector` (`id`, `name`, `PM`, `weekday`) VALUES
(1, 'A', 0, 'thu'),
(2, 'B', 0, 'thu'),
(3, 'C', 0, 'thu'),
(4, 'D', 0, 'thu'),
(5, 'DV1', 0, 'mon'),
(6, 'DV2', 0, 'tue'),
(7, 'ALL', 0, 'tue');

-- --------------------------------------------------------

--
-- Table structure for table `sector__waste_col_date`
--

DROP TABLE IF EXISTS `sector__waste_col_date`;
CREATE TABLE IF NOT EXISTS `sector__waste_col_date` (
  `sector_id` int(10) UNSIGNED NOT NULL,
  `waste_col_date_id` int(10) UNSIGNED NOT NULL,
  PRIMARY KEY (`sector_id`,`waste_col_date_id`),
  KEY `fk_waste_col_date_sector1_idx` (`sector_id`),
  KEY `fk_sector_waste_col_date_waste_col_date1_idx` (`waste_col_date_id`)
) ENGINE=MyISAM DEFAULT CHARSET=utf8;

-- --------------------------------------------------------

--
-- Table structure for table `user`
--

DROP TABLE IF EXISTS `user`;
CREATE TABLE IF NOT EXISTS `user` (
  `host` varchar(20) NOT NULL COMMENT 'host ip $_SERVER[''REMOTE_ADDR'']',
  `location_id` int(11) NOT NULL,
  `created` timestamp NOT NULL DEFAULT CURRENT_TIMESTAMP,
  `updated` timestamp NOT NULL,
  PRIMARY KEY (`host`)
) ENGINE=MyISAM DEFAULT CHARSET=utf8;

--
-- Dumping data for table `user`
--

INSERT INTO `user` (`host`, `location_id`, `created`, `updated`) VALUES
('::1', 5, '2019-03-18 16:27:30', '2019-03-19 15:13:04');

-- --------------------------------------------------------

--
-- Stand-in structure for view `v_col_dates_smaller`
-- (See below for the actual view)
--
DROP VIEW IF EXISTS `v_col_dates_smaller`;
CREATE TABLE IF NOT EXISTS `v_col_dates_smaller` (
`location_id` int(10) unsigned
,`waste_type_code` varchar(3)
,`col_date` datetime
);

-- --------------------------------------------------------

--
-- Stand-in structure for view `v_sectors_waste_types_2018`
-- (See below for the actual view)
--
DROP VIEW IF EXISTS `v_sectors_waste_types_2018`;
CREATE TABLE IF NOT EXISTS `v_sectors_waste_types_2018` (
`location_id` int(11)
,`sector_name` varchar(10)
,`sector_PM` tinyint(1)
,`waste_type_code` varchar(3)
);

-- --------------------------------------------------------

--
-- Stand-in structure for view `v_t_grb_2018`
-- (See below for the actual view)
--
DROP VIEW IF EXISTS `v_t_grb_2018`;
CREATE TABLE IF NOT EXISTS `v_t_grb_2018` (
`location_id` int(11)
,`waste_type_code` varchar(3)
,`sector_name` varchar(10)
);

-- --------------------------------------------------------

--
-- Stand-in structure for view `v_t_sac_2018`
-- (See below for the actual view)
--
DROP VIEW IF EXISTS `v_t_sac_2018`;
CREATE TABLE IF NOT EXISTS `v_t_sac_2018` (
`location_id` int(11)
,`waste_type_code` varchar(3)
,`sector_name` varchar(10)
);

-- --------------------------------------------------------

--
-- Stand-in structure for view `v_t_sector_info_2018`
-- (See below for the actual view)
--
DROP VIEW IF EXISTS `v_t_sector_info_2018`;
CREATE TABLE IF NOT EXISTS `v_t_sector_info_2018` (
`name_street` varchar(100)
,`type_street` varchar(45)
,`house_nos` varchar(45)
,`location_id` int(11)
,`wtc_sac` varchar(3)
,`sn_sac` varchar(10)
,`wtc_grb` varchar(3)
,`sn_grb` varchar(10)
);

-- --------------------------------------------------------

--
-- Stand-in structure for view `v_waste_types`
-- (See below for the actual view)
--
DROP VIEW IF EXISTS `v_waste_types`;
CREATE TABLE IF NOT EXISTS `v_waste_types` (
`location_id` int(11)
,`waste_type_code` varchar(3)
,`waste_type_name` varchar(45)
,`waste_type_info` varchar(300)
,`sector_name` varchar(10)
,`sector_PM` tinyint(1)
,`sector_weekday` varchar(10)
);

-- --------------------------------------------------------

--
-- Stand-in structure for view `v_waste_types_t1`
-- (See below for the actual view)
--
DROP VIEW IF EXISTS `v_waste_types_t1`;
CREATE TABLE IF NOT EXISTS `v_waste_types_t1` (
`location_id` int(11)
,`waste_type_code` varchar(3)
,`waste_type_name` varchar(45)
,`waste_type_info` varchar(300)
,`sector_name` varchar(10)
,`sector_PM` tinyint(1)
,`sector_weekday` varchar(10)
,`PM` int(4)
);

-- --------------------------------------------------------

--
-- Stand-in structure for view `v_week_patterns_small`
-- (See below for the actual view)
--
DROP VIEW IF EXISTS `v_week_patterns_small`;
CREATE TABLE IF NOT EXISTS `v_week_patterns_small` (
`location_id` int(10) unsigned
,`waste_type_code` varchar(3)
,`waste_type_name` varchar(45)
,`id` int(11)
,`mon` tinyint(1)
,`tue` tinyint(1)
,`wed` tinyint(1)
,`thu` tinyint(1)
,`fri` tinyint(1)
,`sat` tinyint(1)
,`sun` tinyint(1)
,`PM` tinyint(1)
);

-- --------------------------------------------------------

--
-- Table structure for table `waste_col_date`
--

DROP TABLE IF EXISTS `waste_col_date`;
CREATE TABLE IF NOT EXISTS `waste_col_date` (
  `id` int(10) UNSIGNED NOT NULL AUTO_INCREMENT,
  `date` datetime NOT NULL,
  PRIMARY KEY (`id`),
  UNIQUE KEY `date_UNIQUE` (`date`),
  UNIQUE KEY `id_UNIQUE` (`id`),
  KEY `fk_waste_col_date_sector1_idx` (`date`,`id`)
) ENGINE=MyISAM DEFAULT CHARSET=utf8;

-- --------------------------------------------------------

--
-- Table structure for table `waste_type`
--

DROP TABLE IF EXISTS `waste_type`;
CREATE TABLE IF NOT EXISTS `waste_type` (
  `id` int(10) UNSIGNED NOT NULL AUTO_INCREMENT,
  `name` varchar(45) NOT NULL COMMENT 'All names in French NB Codes are based on English \n\nBac vert foncé (EN. dark green bin)\nBac jaune (EN. yellow bin)\nBac vert (EN. yellow bin)\nSacs (EN. sacks)\nEncombrants (EN. bulky waste)',
  `code` varchar(3) NOT NULL COMMENT 'DGB = Bac vert foncé (EN. dark green bin)\nYEB = Bac jaune (EN. yellow bin)\nGRB = Bac vert (EN. yellow bin)\nSAC = Sacs (EN. sacks)\nBUL = Encombrants (EN. bulky waste)\n',
  `info` varchar(300) DEFAULT NULL,
  PRIMARY KEY (`id`),
  UNIQUE KEY `id_UNIQUE` (`id`),
  UNIQUE KEY `code_UNIQUE` (`code`)
) ENGINE=MyISAM AUTO_INCREMENT=6 DEFAULT CHARSET=utf8;

--
-- Dumping data for table `waste_type`
--

INSERT INTO `waste_type` (`id`, `name`, `code`, `info`) VALUES
(1, 'Bac vert foncé', 'DGB', 'Ordures ménagères'),
(2, 'Bac jaune', 'YEB', 'Papier, carton, journaux, plastique, métal'),
(3, 'Bac vert', 'GRB', 'Verre'),
(4, 'Sacs', 'SAC', 'Déchets végétaux'),
(5, 'Encombrants', 'BUL', 'Objets encombrants');

-- --------------------------------------------------------

--
-- Table structure for table `week_pattern`
--

DROP TABLE IF EXISTS `week_pattern`;
CREATE TABLE IF NOT EXISTS `week_pattern` (
  `id` int(11) NOT NULL AUTO_INCREMENT,
  `mon` tinyint(1) NOT NULL DEFAULT '0',
  `tue` tinyint(1) NOT NULL DEFAULT '0',
  `wed` tinyint(1) NOT NULL DEFAULT '0',
  `thu` tinyint(1) NOT NULL DEFAULT '0',
  `fri` tinyint(1) NOT NULL DEFAULT '0',
  `sat` tinyint(1) NOT NULL DEFAULT '0',
  `sun` tinyint(1) NOT NULL DEFAULT '0',
  `PM` tinyint(1) NOT NULL DEFAULT '0',
  PRIMARY KEY (`id`)
) ENGINE=MyISAM AUTO_INCREMENT=7 DEFAULT CHARSET=utf8;

--
-- Dumping data for table `week_pattern`
--

INSERT INTO `week_pattern` (`id`, `mon`, `tue`, `wed`, `thu`, `fri`, `sat`, `sun`, `PM`) VALUES
(1, 1, 0, 0, 0, 1, 0, 0, 0),
(2, 0, 0, 0, 0, 1, 0, 0, 0),
(3, 0, 1, 0, 0, 0, 1, 0, 0),
(4, 0, 1, 0, 0, 0, 1, 0, 1),
(5, 0, 0, 0, 1, 0, 0, 0, 1),
(6, 1, 1, 1, 1, 1, 1, 0, 0);

-- --------------------------------------------------------

--
-- Structure for view `v_col_dates_smaller`
--
DROP TABLE IF EXISTS `v_col_dates_smaller`;

CREATE ALGORITHM=UNDEFINED DEFINER=`root`@`localhost` SQL SECURITY DEFINER VIEW `v_col_dates_smaller`  AS  select `l`.`id` AS `location_id`,`w`.`code` AS `waste_type_code`,`wcd`.`date` AS `col_date` from (((((`location` `l` join `location__waste_type` `lw` on((`l`.`id` = `lw`.`location_id`))) join `waste_type` `w` on((`lw`.`waste_type_id` = `w`.`id`))) join `sector` `s` on((`lw`.`sector_id` = `s`.`id`))) join `sector__waste_col_date` `swd` on((`s`.`id` = `swd`.`sector_id`))) join `waste_col_date` `wcd` on((`swd`.`waste_col_date_id` = `wcd`.`id`))) order by `wcd`.`date` ;

-- --------------------------------------------------------

--
-- Structure for view `v_sectors_waste_types_2018`
--
DROP TABLE IF EXISTS `v_sectors_waste_types_2018`;

CREATE ALGORITHM=UNDEFINED DEFINER=`root`@`localhost` SQL SECURITY DEFINER VIEW `v_sectors_waste_types_2018`  AS  select `v_wt`.`location_id` AS `location_id`,`v_s`.`name` AS `sector_name`,`v_s`.`PM` AS `sector_PM`,`v_wt`.`waste_type_code` AS `waste_type_code` from (`v_waste_types` `v_wt` join `sector` `v_s` on((convert(`v_wt`.`sector_name` using utf8) = `v_s`.`name`))) ;

-- --------------------------------------------------------

--
-- Structure for view `v_t_grb_2018`
--
DROP TABLE IF EXISTS `v_t_grb_2018`;

CREATE ALGORITHM=UNDEFINED DEFINER=`root`@`localhost` SQL SECURITY DEFINER VIEW `v_t_grb_2018`  AS  select `v_s_wt`.`location_id` AS `location_id`,`v_s_wt`.`waste_type_code` AS `waste_type_code`,`v_s_wt`.`sector_name` AS `sector_name` from `v_sectors_waste_types_2018` `v_s_wt` where (`v_s_wt`.`waste_type_code` = 'GRB') order by `v_s_wt`.`location_id` ;

-- --------------------------------------------------------

--
-- Structure for view `v_t_sac_2018`
--
DROP TABLE IF EXISTS `v_t_sac_2018`;

CREATE ALGORITHM=UNDEFINED DEFINER=`root`@`localhost` SQL SECURITY DEFINER VIEW `v_t_sac_2018`  AS  select `v_s_wt`.`location_id` AS `location_id`,`v_s_wt`.`waste_type_code` AS `waste_type_code`,`v_s_wt`.`sector_name` AS `sector_name` from `v_sectors_waste_types_2018` `v_s_wt` where (`v_s_wt`.`waste_type_code` = 'SAC') order by `v_s_wt`.`location_id` ;

-- --------------------------------------------------------

--
-- Structure for view `v_t_sector_info_2018`
--
DROP TABLE IF EXISTS `v_t_sector_info_2018`;

CREATE ALGORITHM=UNDEFINED DEFINER=`root`@`localhost` SQL SECURITY DEFINER VIEW `v_t_sector_info_2018`  AS  select `l`.`name_street` AS `name_street`,`l`.`type_street` AS `type_street`,`l`.`house_nos` AS `house_nos`,`sac`.`location_id` AS `location_id`,`sac`.`waste_type_code` AS `wtc_sac`,`sac`.`sector_name` AS `sn_sac`,`grb`.`waste_type_code` AS `wtc_grb`,`grb`.`sector_name` AS `sn_grb` from ((`location` `l` join `v_t_sac_2018` `sac` on((`l`.`id` = `sac`.`location_id`))) join `v_t_grb_2018` `grb` on((`sac`.`location_id` = `grb`.`location_id`))) order by `sac`.`location_id` ;

-- --------------------------------------------------------

--
-- Structure for view `v_waste_types`
--
DROP TABLE IF EXISTS `v_waste_types`;

CREATE ALGORITHM=UNDEFINED DEFINER=`root`@`localhost` SQL SECURITY DEFINER VIEW `v_waste_types`  AS  select `lw`.`location_id` AS `location_id`,`w`.`code` AS `waste_type_code`,`w`.`name` AS `waste_type_name`,`w`.`info` AS `waste_type_info`,`s`.`name` AS `sector_name`,`s`.`PM` AS `sector_PM`,`s`.`weekday` AS `sector_weekday` from ((`location__waste_type` `lw` join `waste_type` `w` on((`lw`.`waste_type_id` = `w`.`id`))) left join `sector` `s` on((`s`.`id` = `lw`.`sector_id`))) ;

-- --------------------------------------------------------

--
-- Structure for view `v_waste_types_t1`
--
DROP TABLE IF EXISTS `v_waste_types_t1`;

CREATE ALGORITHM=UNDEFINED DEFINER=`root`@`localhost` SQL SECURITY DEFINER VIEW `v_waste_types_t1`  AS  select `lw`.`location_id` AS `location_id`,`w`.`code` AS `waste_type_code`,`w`.`name` AS `waste_type_name`,`w`.`info` AS `waste_type_info`,`s`.`name` AS `sector_name`,`s`.`PM` AS `sector_PM`,`s`.`weekday` AS `sector_weekday`,coalesce(`wp`.`PM`,`s`.`PM`) AS `PM` from (((`location__waste_type` `lw` join `waste_type` `w` on((`lw`.`waste_type_id` = `w`.`id`))) left join `sector` `s` on((`s`.`id` = `lw`.`sector_id`))) left join `week_pattern` `wp` on((`lw`.`week_pattern_id` = `wp`.`id`))) ;

-- --------------------------------------------------------

--
-- Structure for view `v_week_patterns_small`
--
DROP TABLE IF EXISTS `v_week_patterns_small`;

CREATE ALGORITHM=UNDEFINED DEFINER=`root`@`localhost` SQL SECURITY DEFINER VIEW `v_week_patterns_small`  AS  select `l`.`id` AS `location_id`,`w`.`code` AS `waste_type_code`,`w`.`name` AS `waste_type_name`,`wp`.`id` AS `id`,`wp`.`mon` AS `mon`,`wp`.`tue` AS `tue`,`wp`.`wed` AS `wed`,`wp`.`thu` AS `thu`,`wp`.`fri` AS `fri`,`wp`.`sat` AS `sat`,`wp`.`sun` AS `sun`,`wp`.`PM` AS `PM` from (((`location` `l` join `location__waste_type` `lw` on((`l`.`id` = `lw`.`location_id`))) join `waste_type` `w` on((`lw`.`waste_type_id` = `w`.`id`))) join `week_pattern` `wp` on((`lw`.`week_pattern_id` = `wp`.`id`))) ;
COMMIT;

/*!40101 SET CHARACTER_SET_CLIENT=@OLD_CHARACTER_SET_CLIENT */;
/*!40101 SET CHARACTER_SET_RESULTS=@OLD_CHARACTER_SET_RESULTS */;
/*!40101 SET COLLATION_CONNECTION=@OLD_COLLATION_CONNECTION */;
